tconst,primaryTitle,qid,wikipedia_title,wikipedia_url
tt0111161,The Shawshank Redemption,Q172241,The_Shawshank_Redemption,https://en.wikipedia.org/wiki/The_Shawshank_Redemption
tt0068646,The Godfather,Q47703,The_Godfather,https://en.wikipedia.org/wiki/The_Godfather
tt0468569,The Dark Knight,Q163872,The_Dark_Knight,https://en.wikipedia.org/wiki/The_Dark_Knight
tt0167260,The Lord of the Rings: The Return of the King,Q131074,The_Lord_of_the_Rings:_The_Return_of_the_King,https://en.wikipedia.org/wiki/The_Lord_of_the_Rings:_The_Return_of_the_King
tt0108052,Schindler's List,Q483941,Schindler%27s_List,https://en.wikipedia.org/wiki/Schindler%27s_List
tt0071562,The Godfather Part II,Q184768,The_Godfather_Part_II,https://en.wikipedia.org/wiki/The_Godfather_Part_II
tt0050083,12 Angry Men,Q2345,12_Angry_Men,https://en.wikipedia.org/wiki/12_Angry_Men
tt28089784,Punjab '95,Q131822415,Satluj_(film),https://en.wikipedia.org/wiki/Satluj_(film)
tt0120737,The Lord of the Rings: The Fellowship of the Ring,Q127367,The_Lord_of_the_Rings:_The_Fellowship_of_the_Ring,https://en.wikipedia.org/wiki/The_Lord_of_the_Rings:_The_Fellowship_of_the_Ring
tt1375666,Inception,Q25188,Inception,https://en.wikipedia.org/wiki/Inception
tt0137523,Fight Club,Q190050,Fight_Club,https://en.wikipedia.org/wiki/Fight_Club
tt0109830,Forrest Gump,Q134773,Forrest_Gump,https://en.wikipedia.org/wiki/Forrest_Gump
tt0110912,Pulp Fiction,Q104123,Pulp_Fiction,https://en.wikipedia.org/wiki/Pulp_Fiction
tt0167261,The Lord of the Rings: The Two Towers,Q164963,The_Lord_of_the_Rings:_The_Two_Towers,https://en.wikipedia.org/wiki/The_Lord_of_the_Rings:_The_Two_Towers
tt0060196,"The Good, the Bad and the Ugly",Q41483,"The_Good,_the_Bad_and_the_Ugly","https://en.wikipedia.org/wiki/The_Good,_the_Bad_and_the_Ugly"
tt0816692,Interstellar,Q13417189,Interstellar_(film),https://en.wikipedia.org/wiki/Interstellar_(film)
tt0133093,The Matrix,Q83495,The_Matrix,https://en.wikipedia.org/wiki/The_Matrix
tt0080684,Star Wars: Episode V - The Empire Strikes Back,Q181795,The_Empire_Strikes_Back,https://en.wikipedia.org/wiki/The_Empire_Strikes_Back
tt0099685,GoodFellas,Q42047,Goodfellas,https://en.wikipedia.org/wiki/Goodfellas
tt23849204,12th Fail,Q122921105,12th_Fail,https://en.wikipedia.org/wiki/12th_Fail
tt0114369,Seven,Q190908,Seven_(1995_film),https://en.wikipedia.org/wiki/Seven_(1995_film)
tt0102926,The Silence of the Lambs,Q133654,The_Silence_of_the_Lambs_(film),https://en.wikipedia.org/wiki/The_Silence_of_the_Lambs_(film)
tt0120815,Saving Private Ryan,Q165817,Saving_Private_Ryan,https://en.wikipedia.org/wiki/Saving_Private_Ryan
tt0076759,Star Wars: Episode IV - A New Hope,Q17738,Star_Wars_(film),https://en.wikipedia.org/wiki/Star_Wars_(film)
tt0120689,The Green Mile,Q208263,The_Green_Mile_(film),https://en.wikipedia.org/wiki/The_Green_Mile_(film)
tt0103064,Terminator 2: Judgment Day,Q170564,Terminator_2:_Judgment_Day,https://en.wikipedia.org/wiki/Terminator_2:_Judgment_Day
tt0073486,One Flew Over the Cuckoo's Nest,Q171669,One_Flew_Over_the_Cuckoo%27s_Nest_(film),https://en.wikipedia.org/wiki/One_Flew_Over_the_Cuckoo%27s_Nest_(film)
tt0245429,Spirited Away,Q155653,Spirited_Away,https://en.wikipedia.org/wiki/Spirited_Away
tt0317248,City of God,Q220741,City_of_God_(2002_film),https://en.wikipedia.org/wiki/City_of_God_(2002_film)
tt0118799,Life Is Beautiful,Q19355,Life_Is_Beautiful,https://en.wikipedia.org/wiki/Life_Is_Beautiful
tt0038650,It's a Wonderful Life,Q204191,It%27s_a_Wonderful_Life,https://en.wikipedia.org/wiki/It%27s_a_Wonderful_Life
tt0047478,Seven Samurai,Q189540,Seven_Samurai,https://en.wikipedia.org/wiki/Seven_Samurai
tt15097216,Jai Bhim,Q108376991,Jai_Bhim_(film),https://en.wikipedia.org/wiki/Jai_Bhim_(film)
tt10189514,Soorarai Pottru,Q63135778,Soorarai_Pottru,https://en.wikipedia.org/wiki/Soorarai_Pottru
tt0056058,Harakiri,Q1584406,Harakiri_(1962_film),https://en.wikipedia.org/wiki/Harakiri_(1962_film)
tt24082438,20 Days in Mariupol,Q116542843,20_Days_in_Mariupol,https://en.wikipedia.org/wiki/20_Days_in_Mariupol
tt9263550,Rocketry: The Nambi Effect,Q58034627,Rocketry:_The_Nambi_Effect,https://en.wikipedia.org/wiki/Rocketry:_The_Nambi_Effect
tt1853728,Django Unchained,Q571032,Django_Unchained,https://en.wikipedia.org/wiki/Django_Unchained
tt0172495,Gladiator,Q128518,Gladiator_(2000_film),https://en.wikipedia.org/wiki/Gladiator_(2000_film)
tt0482571,The Prestige,Q46551,The_Prestige,https://en.wikipedia.org/wiki/The_Prestige
tt0407887,The Departed,Q172975,The_Departed,https://en.wikipedia.org/wiki/The_Departed
tt0088763,Back to the Future,Q91540,Back_to_the_Future,https://en.wikipedia.org/wiki/Back_to_the_Future
tt0110413,Léon: The Professional,Q484675,L%C3%A9on:_The_Professional,https://en.wikipedia.org/wiki/L%C3%A9on:_The_Professional
tt0120586,American History X,Q208572,American_History_X,https://en.wikipedia.org/wiki/American_History_X
tt0110357,The Lion King,Q36479,The_Lion_King,https://en.wikipedia.org/wiki/The_Lion_King
tt0114814,The Usual Suspects,Q132351,The_Usual_Suspects,https://en.wikipedia.org/wiki/The_Usual_Suspects
tt6751668,Parasite,Q61448040,Parasite_(2019_film),https://en.wikipedia.org/wiki/Parasite_(2019_film)
tt2582802,Whiplash,Q15648198,Whiplash_(2014_film),https://en.wikipedia.org/wiki/Whiplash_(2014_film)
tt1675434,The Intouchables,Q595,The_Intouchables,https://en.wikipedia.org/wiki/The_Intouchables
tt0253474,The Pianist,Q150804,The_Pianist_(2002_film),https://en.wikipedia.org/wiki/The_Pianist_(2002_film)
tt0054215,Psycho,Q163038,Psycho_(1960_film),https://en.wikipedia.org/wiki/Psycho_(1960_film)
tt0034583,Casablanca,Q132689,Casablanca_(film),https://en.wikipedia.org/wiki/Casablanca_(film)
tt10811166,The Kashmir Files,Q104821313,The_Kashmir_Files,https://en.wikipedia.org/wiki/The_Kashmir_Files
tt9362722,Spider-Man: Across the Spider-Verse,Q76448600,Spider-Man:_Across_the_Spider-Verse,https://en.wikipedia.org/wiki/Spider-Man:_Across_the_Spider-Verse
tt0095327,Grave of the Fireflies,Q274520,Grave_of_the_Fireflies,https://en.wikipedia.org/wiki/Grave_of_the_Fireflies
tt0064116,Once Upon a Time in the West,Q168154,Once_Upon_a_Time_in_the_West,https://en.wikipedia.org/wiki/Once_Upon_a_Time_in_the_West
tt0095765,Cinema Paradiso,Q464032,Cinema_Paradiso,https://en.wikipedia.org/wiki/Cinema_Paradiso
tt0027977,Modern Times,Q45602,Modern_Times_(film),https://en.wikipedia.org/wiki/Modern_Times_(film)
tt0021749,City Lights,Q238211,City_Lights,https://en.wikipedia.org/wiki/City_Lights
tt20850406,Sita Ramam,Q113455828,Sita_Ramam,https://en.wikipedia.org/wiki/Sita_Ramam
tt1345836,The Dark Knight Rises,Q189330,The_Dark_Knight_Rises,https://en.wikipedia.org/wiki/The_Dark_Knight_Rises
tt0361748,Inglourious Basterds,Q153723,Inglourious_Basterds,https://en.wikipedia.org/wiki/Inglourious_Basterds
tt4154796,Avengers: Endgame,Q23781155,Avengers:_Endgame,https://en.wikipedia.org/wiki/Avengers:_Endgame
tt0209144,Memento,Q190525,Memento_(film),https://en.wikipedia.org/wiki/Memento_(film)
tt4154756,Avengers: Infinity War,Q23780914,Avengers:_Infinity_War,https://en.wikipedia.org/wiki/Avengers:_Infinity_War
tt0910970,WALL·E,Q104905,WALL-E,https://en.wikipedia.org/wiki/WALL-E
tt0081505,The Shining,Q186341,The_Shining_(film),https://en.wikipedia.org/wiki/The_Shining_(film)
tt0119217,Good Will Hunting,Q193835,Good_Will_Hunting,https://en.wikipedia.org/wiki/Good_Will_Hunting
tt0082971,Raiders of the Lost Ark,Q174284,Raiders_of_the_Lost_Ark,https://en.wikipedia.org/wiki/Raiders_of_the_Lost_Ark
tt0078748,Alien,Q103569,Alien_(film),https://en.wikipedia.org/wiki/Alien_(film)
tt0090605,Aliens,Q104814,Aliens_(film),https://en.wikipedia.org/wiki/Aliens_(film)
tt4633694,Spider-Man: Into the Spider-Verse,Q29588607,Spider-Man:_Into_the_Spider-Verse,https://en.wikipedia.org/wiki/Spider-Man:_Into_the_Spider-Verse
tt15239678,Dune: Part Two,Q109228991,Dune:_Part_Two,https://en.wikipedia.org/wiki/Dune:_Part_Two
tt0078788,Apocalypse Now,Q182692,Apocalypse_Now,https://en.wikipedia.org/wiki/Apocalypse_Now
tt2380307,Coco,Q5815826,Coco_(2017_film),https://en.wikipedia.org/wiki/Coco_(2017_film)
tt0047396,Rear Window,Q34414,Rear_Window,https://en.wikipedia.org/wiki/Rear_Window
tt1187043,3 Idiots,Q229633,3_Idiots,https://en.wikipedia.org/wiki/3_Idiots
tt0086879,Amadeus,Q190956,Amadeus_(film),https://en.wikipedia.org/wiki/Amadeus_(film)
tt0405094,The Lives of Others,Q153882,The_Lives_of_Others,https://en.wikipedia.org/wiki/The_Lives_of_Others
tt5311514,Your Name.,Q21697406,Your_Name,https://en.wikipedia.org/wiki/Your_Name
tt0043014,Sunset Boulevard,Q193570,Sunset_Boulevard_(film),https://en.wikipedia.org/wiki/Sunset_Boulevard_(film)
tt0032553,The Great Dictator,Q109116,The_Great_Dictator,https://en.wikipedia.org/wiki/The_Great_Dictator
tt0050825,Paths of Glory,Q747936,Paths_of_Glory,https://en.wikipedia.org/wiki/Paths_of_Glory
tt0051201,Witness for the Prosecution,Q196977,Witness_for_the_Prosecution_(1957_film),https://en.wikipedia.org/wiki/Witness_for_the_Prosecution_(1957_film)
tt8267604,Capernaum,Q51803319,Capernaum_(film),https://en.wikipedia.org/wiki/Capernaum_(film)
tt33764258,The Odyssey,Q131547207,The_Odyssey_(2026_film),https://en.wikipedia.org/wiki/The_Odyssey_(2026_film)
tt1424432,Senna,Q534785,Senna_(film),https://en.wikipedia.org/wiki/Senna_(film)
tt32820897,Demon Slayer: Kimetsu No Yaiba Infinity Castle,Q126948105,Demon_Slayer:_Kimetsu_no_Yaiba_%E2%80%93_The_Movie:_Infinity_Castle,https://en.wikipedia.org/wiki/Demon_Slayer:_Kimetsu_no_Yaiba_%E2%80%93_The_Movie:_Infinity_Castle
tt0057565,High and Low,Q244878,High_and_Low_(1963_film),https://en.wikipedia.org/wiki/High_and_Low_(1963_film)
tt31514146,I Swear,Q135321335,I_Swear_(film),https://en.wikipedia.org/wiki/I_Swear_(film)
tt1313104,The Cove,Q1211833,The_Cove_(film),https://en.wikipedia.org/wiki/The_Cove_(film)
tt9900782,Kaithi,Q65081848,Kaithi_(2019_film),https://en.wikipedia.org/wiki/Kaithi_(2019_film)
tt7286456,Joker,Q42759035,Joker_(2019_film),https://en.wikipedia.org/wiki/Joker_(2019_film)
tt0169547,American Beauty,Q25139,American_Beauty_(1999_film),https://en.wikipedia.org/wiki/American_Beauty_(1999_film)
tt1049413,Up,Q174811,Up_(2009_film),https://en.wikipedia.org/wiki/Up_(2009_film)
tt0086190,Star Wars: Episode VI - Return of the Jedi,Q181803,Return_of_the_Jedi,https://en.wikipedia.org/wiki/Return_of_the_Jedi
tt0338013,Eternal Sunshine of the Spotless Mind,Q208269,Eternal_Sunshine_of_the_Spotless_Mind,https://en.wikipedia.org/wiki/Eternal_Sunshine_of_the_Spotless_Mind
tt0114709,Toy Story,Q171048,Toy_Story,https://en.wikipedia.org/wiki/Toy_Story
tt0112573,Braveheart,Q162729,Braveheart,https://en.wikipedia.org/wiki/Braveheart
tt0086250,Scarface,Q47075,Scarface_(1983_film),https://en.wikipedia.org/wiki/Scarface_(1983_film)
tt0435761,Toy Story 3,Q187278,Toy_Story_3,https://en.wikipedia.org/wiki/Toy_Story_3
tt0180093,Requiem for a Dream,Q487181,Requiem_for_a_Dream,https://en.wikipedia.org/wiki/Requiem_for_a_Dream
tt0113277,Heat,Q42198,Heat_(1995_film),https://en.wikipedia.org/wiki/Heat_(1995_film)
tt0062622,2001: A Space Odyssey,Q103474,2001:_A_Space_Odyssey,https://en.wikipedia.org/wiki/2001:_A_Space_Odyssey
tt0364569,Oldboy,Q475693,Oldboy_(2003_film),https://en.wikipedia.org/wiki/Oldboy_(2003_film)
tt0057012,Dr. Strangelove or: How I Learned to Stop Worrying and Love the Bomb,Q105702,Dr._Strangelove,https://en.wikipedia.org/wiki/Dr._Strangelove
tt0119698,Princess Mononoke,Q186572,Princess_Mononoke,https://en.wikipedia.org/wiki/Princess_Mononoke
tt2106476,The Hunt,Q32303,The_Hunt_(2012_film),https://en.wikipedia.org/wiki/The_Hunt_(2012_film)
tt0087843,Once Upon a Time in America,Q206388,Once_Upon_a_Time_in_America,https://en.wikipedia.org/wiki/Once_Upon_a_Time_in_America
tt0053125,North by Northwest,Q223139,North_by_Northwest,https://en.wikipedia.org/wiki/North_by_Northwest
tt0056172,Lawrence of Arabia,Q228186,Lawrence_of_Arabia_(film),https://en.wikipedia.org/wiki/Lawrence_of_Arabia_(film)
tt0082096,Das Boot,Q62730,Das_Boot,https://en.wikipedia.org/wiki/Das_Boot
tt0045152,Singin' in the Rain,Q309153,Singin%27_in_the_Rain,https://en.wikipedia.org/wiki/Singin%27_in_the_Rain
tt1832382,A Separation,Q640561,A_Separation,https://en.wikipedia.org/wiki/A_Separation
tt1255953,Incendies,Q1212650,Incendies,https://en.wikipedia.org/wiki/Incendies
tt5074352,Dangal,Q20762668,Dangal_(2016_film),https://en.wikipedia.org/wiki/Dangal_(2016_film)
tt0986264,Like Stars on Earth,Q1043614,Taare_Zameen_Par,https://en.wikipedia.org/wiki/Taare_Zameen_Par
tt0053604,The Apartment,Q270510,The_Apartment,https://en.wikipedia.org/wiki/The_Apartment
tt0022100,M,Q127021,M_(1931_film),https://en.wikipedia.org/wiki/M_(1931_film)
tt0036775,Double Indemnity,Q478209,Double_Indemnity,https://en.wikipedia.org/wiki/Double_Indemnity
tt33014583,Dhurandhar,Q135230927,Dhurandhar,https://en.wikipedia.org/wiki/Dhurandhar
tt8503618,Hamilton,Q84323848,Hamilton_(2020_film),https://en.wikipedia.org/wiki/Hamilton_(2020_film)
tt8110330,Dil Bechara,Q55648020,Dil_Bechara,https://en.wikipedia.org/wiki/Dil_Bechara
tt10295212,Shershaah,Q65065643,Shershaah,https://en.wikipedia.org/wiki/Shershaah
tt0091251,Come and See,Q1130395,Come_and_See,https://en.wikipedia.org/wiki/Come_and_See
tt0044741,Ikiru,Q152105,Ikiru,https://en.wikipedia.org/wiki/Ikiru
tt0055031,Judgment at Nuremberg,Q309545,Judgment_at_Nuremberg,https://en.wikipedia.org/wiki/Judgment_at_Nuremberg
tt9179430,Vikram,Q102147287,Vikram_(2022_film),https://en.wikipedia.org/wiki/Vikram_(2022_film)
tt26548265,Maharaja,Q126595889,Maharaja_(2024_film),https://en.wikipedia.org/wiki/Maharaja_(2024_film)
tt9052870,Chhichhore,Q59725641,Chhichhore,https://en.wikipedia.org/wiki/Chhichhore
tt30472557,Chainsaw Man - The Movie: Reze Arc,Q123906765,Chainsaw_Man_%E2%80%93_The_Movie:_Reze_Arc,https://en.wikipedia.org/wiki/Chainsaw_Man_%E2%80%93_The_Movie:_Reze_Arc
tt21626284,Lost Ladies,Q124714626,Laapataa_Ladies,https://en.wikipedia.org/wiki/Laapataa_Ladies
tt7060344,Ratsasan,Q28179710,Ratsasan,https://en.wikipedia.org/wiki/Ratsasan
tt10280296,Sardar Udham,,,
tt0993846,The Wolf of Wall Street,Q1392744,The_Wolf_of_Wall_Street_(2013_film),https://en.wikipedia.org/wiki/The_Wolf_of_Wall_Street_(2013_film)
tt0372784,Batman Begins,Q166262,Batman_Begins,https://en.wikipedia.org/wiki/Batman_Begins
tt1130884,Shutter Island,Q210364,Shutter_Island_(film),https://en.wikipedia.org/wiki/Shutter_Island_(film)
tt0120382,The Truman Show,Q214801,The_Truman_Show,https://en.wikipedia.org/wiki/The_Truman_Show
tt0266697,Kill Bill: Vol. 1,Q165325,Kill_Bill:_Volume_1,https://en.wikipedia.org/wiki/Kill_Bill:_Volume_1
tt0266543,Finding Nemo,Q132863,Finding_Nemo,https://en.wikipedia.org/wiki/Finding_Nemo
tt0477348,No Country for Old Men,Q183081,No_Country_for_Old_Men,https://en.wikipedia.org/wiki/No_Country_for_Old_Men
tt0107290,Jurassic Park,Q167726,Jurassic_Park,https://en.wikipedia.org/wiki/Jurassic_Park
tt0105236,Reservoir Dogs,Q72962,Reservoir_Dogs,https://en.wikipedia.org/wiki/Reservoir_Dogs
tt0167404,The Sixth Sense,Q183063,The_Sixth_Sense,https://en.wikipedia.org/wiki/The_Sixth_Sense
tt15398776,Oppenheimer,Q108839994,Oppenheimer_(film),https://en.wikipedia.org/wiki/Oppenheimer_(film)
tt0268978,A Beautiful Mind,Q164103,A_Beautiful_Mind,https://en.wikipedia.org/wiki/A_Beautiful_Mind
tt0095016,Die Hard,Q105598,Die_Hard,https://en.wikipedia.org/wiki/Die_Hard
tt0075314,Taxi Driver,Q47221,Taxi_Driver,https://en.wikipedia.org/wiki/Taxi_Driver
tt0208092,Snatch,Q335160,Snatch_(film),https://en.wikipedia.org/wiki/Snatch_(film)
tt1392214,Prisoners,Q3404003,Prisoners_(2013_film),https://en.wikipedia.org/wiki/Prisoners_(2013_film)
tt0066921,A Clockwork Orange,Q181086,A_Clockwork_Orange_(film),https://en.wikipedia.org/wiki/A_Clockwork_Orange_(film)
tt1745960,Top Gun: Maverick,Q31202708,Top_Gun:_Maverick,https://en.wikipedia.org/wiki/Top_Gun:_Maverick
tt0097576,Indiana Jones and the Last Crusade,Q185658,Indiana_Jones_and_the_Last_Crusade,https://en.wikipedia.org/wiki/Indiana_Jones_and_the_Last_Crusade
tt0093058,Full Metal Jacket,Q243439,Full_Metal_Jacket,https://en.wikipedia.org/wiki/Full_Metal_Jacket
tt0211915,Amélie,Q484048,Am%C3%A9lie,https://en.wikipedia.org/wiki/Am%C3%A9lie
tt8579674,1917,Q62721520,1917_(2019_film),https://en.wikipedia.org/wiki/1917_(2019_film)
tt0457430,Pan's Labyrinth,Q216006,Pan%27s_Labyrinth,https://en.wikipedia.org/wiki/Pan%27s_Labyrinth
tt0469494,There Will Be Blood,Q244315,There_Will_Be_Blood,https://en.wikipedia.org/wiki/There_Will_Be_Blood
tt6966692,Green Book,Q48673898,Green_Book_(film),https://en.wikipedia.org/wiki/Green_Book_(film)
tt0119488,L.A. Confidential,Q339876,L.A._Confidential_(film),https://en.wikipedia.org/wiki/L.A._Confidential_(film)
tt0112641,Casino,Q220910,Casino_(1995_film),https://en.wikipedia.org/wiki/Casino_(1995_film)
tt0084787,The Thing,Q210756,The_Thing_(1982_film),https://en.wikipedia.org/wiki/The_Thing_(1982_film)
tt0347149,Howl's Moving Castle,Q29011,Howl%27s_Moving_Castle_(film),https://en.wikipedia.org/wiki/Howl%27s_Moving_Castle_(film)
tt0033467,Citizen Kane,Q24815,Citizen_Kane,https://en.wikipedia.org/wiki/Citizen_Kane
tt0105695,Unforgiven,Q104137,Unforgiven,https://en.wikipedia.org/wiki/Unforgiven
tt0052357,Vertigo,Q202548,Vertigo_(film),https://en.wikipedia.org/wiki/Vertigo_(film)
tt12042730,Project Hail Mary,Q107105860,Project_Hail_Mary_(film),https://en.wikipedia.org/wiki/Project_Hail_Mary_(film)
tt0363163,Downfall,Q152857,Downfall_(2004_film),https://en.wikipedia.org/wiki/Downfall_(2004_film)
tt0031381,Gone with the Wind,Q2875,Gone_with_the_Wind_(film),https://en.wikipedia.org/wiki/Gone_with_the_Wind_(film)
tt0056592,To Kill a Mockingbird,Q177922,To_Kill_a_Mockingbird_(film),https://en.wikipedia.org/wiki/To_Kill_a_Mockingbird_(film)
tt0053291,Some Like It Hot,Q190086,Some_Like_It_Hot,https://en.wikipedia.org/wiki/Some_Like_It_Hot
tt0070735,The Sting,Q62665,The_Sting,https://en.wikipedia.org/wiki/The_Sting
tt0059578,For a Few Dollars More,Q153677,For_a_Few_Dollars_More,https://en.wikipedia.org/wiki/For_a_Few_Dollars_More
tt0080678,The Elephant Man,Q272860,The_Elephant_Man_(1980_film),https://en.wikipedia.org/wiki/The_Elephant_Man_(1980_film)
tt0057115,The Great Escape,Q110354,The_Great_Escape_(film),https://en.wikipedia.org/wiki/The_Great_Escape_(film)
tt10272386,The Father,Q65066669,The_Father_(2020_film),https://en.wikipedia.org/wiki/The_Father_(2020_film)
tt1305806,The Secret in Their Eyes,Q748851,The_Secret_in_Their_Eyes,https://en.wikipedia.org/wiki/The_Secret_in_Their_Eyes
tt4729430,Klaus,Q67208596,Klaus_(film),https://en.wikipedia.org/wiki/Klaus_(film)
tt29623480,The Wild Robot,Q124378349,The_Wild_Robot,https://en.wikipedia.org/wiki/The_Wild_Robot
tt0017136,Metropolis,Q151599,Metropolis_(1927_film),https://en.wikipedia.org/wiki/Metropolis_(1927_film)
tt0040522,Bicycle Thieves,Q172837,Bicycle_Thieves,https://en.wikipedia.org/wiki/Bicycle_Thieves
tt10698680,K.G.F: Chapter 2,Q67200663,KGF:_Chapter_2,https://en.wikipedia.org/wiki/KGF:_Chapter_2
tt0089881,Ran,Q565231,Ran_(film),https://en.wikipedia.org/wiki/Ran_(film)
tt0042192,All About Eve,Q200299,All_About_Eve,https://en.wikipedia.org/wiki/All_About_Eve
tt0012349,The Kid,Q374172,The_Kid_(1921_film),https://en.wikipedia.org/wiki/The_Kid_(1921_film)
tt5323662,A Silent Voice: The Movie,Q23925035,A_Silent_Voice_(film),https://en.wikipedia.org/wiki/A_Silent_Voice_(film)
tt0055630,Yojimbo,Q20475,Yojimbo,https://en.wikipedia.org/wiki/Yojimbo
tt0040897,The Treasure of the Sierra Madre,Q251559,The_Treasure_of_the_Sierra_Madre_(film),https://en.wikipedia.org/wiki/The_Treasure_of_the_Sierra_Madre_(film)
tt4849438,Baahubali 2: The Conclusion,Q21001674,Baahubali_2:_The_Conclusion,https://en.wikipedia.org/wiki/Baahubali_2:_The_Conclusion
tt8108198,Andhadhun,Q44612834,Andhadhun,https://en.wikipedia.org/wiki/Andhadhun
tt1954470,Gangs of Wasseypur,Q21001632,Gangs_of_Wasseypur,https://en.wikipedia.org/wiki/Gangs_of_Wasseypur
tt4430212,Drishyam,Q19824636,Drishyam_(2015_film),https://en.wikipedia.org/wiki/Drishyam_(2015_film)
tt0367110,Swades,Q1759650,Swades,https://en.wikipedia.org/wiki/Swades
tt11032374,Demon Slayer: Kimetsu no Yaiba - The Movie: Mugen Train,Q96376192,Demon_Slayer:_Kimetsu_no_Yaiba_%E2%80%93_The_Movie:_Mugen_Train,https://en.wikipedia.org/wiki/Demon_Slayer:_Kimetsu_no_Yaiba_%E2%80%93_The_Movie:_Mugen_Train
tt0476735,My Father and My Son,Q797577,My_Father_and_My_Son,https://en.wikipedia.org/wiki/My_Father_and_My_Son
tt0374887,Munna Bhai M.B.B.S.,Q262778,Munna_Bhai_M.B.B.S.,https://en.wikipedia.org/wiki/Munna_Bhai_M.B.B.S.
tt1562872,Zindagi Na Milegi Dobara,Q3067642,Zindagi_Na_Milegi_Dobara,https://en.wikipedia.org/wiki/Zindagi_Na_Milegi_Dobara
tt0118849,Children of Heaven,Q339804,Children_of_Heaven_(1997_film),https://en.wikipedia.org/wiki/Children_of_Heaven_(1997_film)
tt8291224,Uri: The Surgical Strike,Q58411644,Uri:_The_Surgical_Strike,https://en.wikipedia.org/wiki/Uri:_The_Surgical_Strike
tt1645089,Inside Job,Q645931,Inside_Job_(2010_film),https://en.wikipedia.org/wiki/Inside_Job_(2010_film)
tt0242519,Hera Pheri,Q5732486,Hera_Pheri_(2000_film),https://en.wikipedia.org/wiki/Hera_Pheri_(2000_film)
tt2356180,Bhaag Milkha Bhaag,Q4900468,Bhaag_Milkha_Bhaag,https://en.wikipedia.org/wiki/Bhaag_Milkha_Bhaag
tt2125608,Searching for Sugar Man,Q287708,Searching_for_Sugar_Man,https://en.wikipedia.org/wiki/Searching_for_Sugar_Man
tt8239946,Tumbbad,Q56279881,Tumbbad,https://en.wikipedia.org/wiki/Tumbbad
tt39139925,Dhurandhar: The Revenge,Q137998501,Dhurandhar:_The_Revenge,https://en.wikipedia.org/wiki/Dhurandhar:_The_Revenge
tt10431500,Miracle in Cell No. 7,Q73804850,Miracle_in_Cell_No._7_(2019_Turkish_film),https://en.wikipedia.org/wiki/Miracle_in_Cell_No._7_(2019_Turkish_film)
tt30953759,No Other Land,Q124440294,No_Other_Land,https://en.wikipedia.org/wiki/No_Other_Land
tt6148156,Vikram Vedha,Q27963176,Vikram_Vedha,https://en.wikipedia.org/wiki/Vikram_Vedha
tt15501640,Drishyam 2,Q112665700,Drishyam_2_(2022_film),https://en.wikipedia.org/wiki/Drishyam_2_(2022_film)
tt0325980,Pirates of the Caribbean: The Curse of the Black Pearl,,,
tt0264464,Catch Me If You Can,Q208108,Catch_Me_If_You_Can,https://en.wikipedia.org/wiki/Catch_Me_If_You_Can
tt0434409,V for Vendetta,Q5890,V_for_Vendetta_(film),https://en.wikipedia.org/wiki/V_for_Vendetta_(film)
tt1392190,Mad Max: Fury Road,Q1757288,Mad_Max:_Fury_Road,https://en.wikipedia.org/wiki/Mad_Max:_Fury_Road
tt2267998,Gone Girl,Q14920425,Gone_Girl_(film),https://en.wikipedia.org/wiki/Gone_Girl_(film)
tt0198781,"Monsters, Inc.",Q187726,"Monsters,_Inc.","https://en.wikipedia.org/wiki/Monsters,_Inc."
tt1201607,Harry Potter and the Deathly Hallows: Part 2,Q232009,Harry_Potter_and_the_Deathly_Hallows_%E2%80%93_Part_2,https://en.wikipedia.org/wiki/Harry_Potter_and_the_Deathly_Hallows_%E2%80%93_Part_2
tt10872600,Spider-Man: No Way Home,Q68934496,Spider-Man:_No_Way_Home,https://en.wikipedia.org/wiki/Spider-Man:_No_Way_Home
tt0088247,The Terminator,Q162255,The_Terminator,https://en.wikipedia.org/wiki/The_Terminator
tt2278388,The Grand Budapest Hotel,Q3521099,The_Grand_Budapest_Hotel,https://en.wikipedia.org/wiki/The_Grand_Budapest_Hotel
tt0382932,Ratatouille,Q170035,Ratatouille_(film),https://en.wikipedia.org/wiki/Ratatouille_(film)
tt3315342,Logan,Q24053263,Logan_(film),https://en.wikipedia.org/wiki/Logan_(film)
tt2096673,Inside Out,Q6144664,Inside_Out,https://en.wikipedia.org/wiki/Inside_Out
tt0118715,The Big Lebowski,Q337078,The_Big_Lebowski,https://en.wikipedia.org/wiki/The_Big_Lebowski
tt0892769,How to Train Your Dragon,Q373096,How_to_Train_Your_Dragon_(2010_film),https://en.wikipedia.org/wiki/How_to_Train_Your_Dragon_(2010_film)
tt0083658,Blade Runner,Q184843,Blade_Runner,https://en.wikipedia.org/wiki/Blade_Runner
tt1205489,Gran Torino,Q126699,Gran_Torino,https://en.wikipedia.org/wiki/Gran_Torino
tt0116282,Fargo,Q222720,Fargo_(1996_film),https://en.wikipedia.org/wiki/Fargo_(1996_film)
tt2024544,12 Years a Slave,Q3023357,12_Years_a_Slave_(film),https://en.wikipedia.org/wiki/12_Years_a_Slave_(film)
tt0117951,Trainspotting,Q109135,Trainspotting_(film),https://en.wikipedia.org/wiki/Trainspotting_(film)
tt0405159,Million Dollar Baby,Q184255,Million_Dollar_Baby,https://en.wikipedia.org/wiki/Million_Dollar_Baby
tt0073195,Jaws,Q189505,Jaws_(film),https://en.wikipedia.org/wiki/Jaws_(film)
tt0075148,Rocky,Q188652,Rocky,https://en.wikipedia.org/wiki/Rocky
tt2119532,Hacksaw Ridge,Q21010856,Hacksaw_Ridge,https://en.wikipedia.org/wiki/Hacksaw_Ridge
tt0097165,Dead Poets Society,Q106316,Dead_Poets_Society,https://en.wikipedia.org/wiki/Dead_Poets_Society
tt0120735,"Lock, Stock and Two Smoking Barrels",Q851095,"Lock,_Stock_and_Two_Smoking_Barrels","https://en.wikipedia.org/wiki/Lock,_Stock_and_Two_Smoking_Barrels"
tt5027774,"Three Billboards Outside Ebbing, Missouri",Q24053277,"Three_Billboards_Outside_Ebbing,_Missouri","https://en.wikipedia.org/wiki/Three_Billboards_Outside_Ebbing,_Missouri"
tt0071853,Monty Python and the Holy Grail,Q25043,Monty_Python_and_the_Holy_Grail,https://en.wikipedia.org/wiki/Monty_Python_and_the_Holy_Grail
tt1950186,Ford v Ferrari,Q55081822,Ford_v_Ferrari,https://en.wikipedia.org/wiki/Ford_v_Ferrari
tt1979320,Rush,Q1768437,Rush_(2013_film),https://en.wikipedia.org/wiki/Rush_(2013_film)
tt1895587,Spotlight,Q18154496,Spotlight_(film),https://en.wikipedia.org/wiki/Spotlight_(film)
tt1291584,Warrior,Q1415964,Warrior_(2011_film),https://en.wikipedia.org/wiki/Warrior_(2011_film)
tt1454029,The Help,Q204374,The_Help_(film),https://en.wikipedia.org/wiki/The_Help_(film)
tt0070047,The Exorcist,Q274167,The_Exorcist,https://en.wikipedia.org/wiki/The_Exorcist
tt0092005,Stand by Me,Q494722,Stand_by_Me_(film),https://en.wikipedia.org/wiki/Stand_by_Me_(film)
tt3170832,Room,,,
tt0032138,The Wizard of Oz,Q193695,The_Wizard_of_Oz,https://en.wikipedia.org/wiki/The_Wizard_of_Oz
tt0096283,My Neighbor Totoro,Q39571,My_Neighbor_Totoro,https://en.wikipedia.org/wiki/My_Neighbor_Totoro
tt0081398,Raging Bull,Q220780,Raging_Bull,https://en.wikipedia.org/wiki/Raging_Bull
tt0395169,Hotel Rwanda,Q223884,Hotel_Rwanda,https://en.wikipedia.org/wiki/Hotel_Rwanda
tt0077416,The Deer Hunter,Q201674,The_Deer_Hunter,https://en.wikipedia.org/wiki/The_Deer_Hunter
tt0112471,Before Sunrise,Q659609,Before_Sunrise,https://en.wikipedia.org/wiki/Before_Sunrise
tt0071315,Chinatown,Q644987,Chinatown_(1974_film),https://en.wikipedia.org/wiki/Chinatown_(1974_film)
tt1028532,Hachi: A Dog's Tale,Q59249,Hachi:_A_Dog%27s_Tale,https://en.wikipedia.org/wiki/Hachi:_A_Dog%27s_Tale
tt0381681,Before Sunset,Q652186,Before_Sunset,https://en.wikipedia.org/wiki/Before_Sunset
tt0059742,The Sound of Music,Q60072,The_Sound_of_Music_(film),https://en.wikipedia.org/wiki/The_Sound_of_Music_(film)
tt0052618,Ben-Hur,Q180098,Ben-Hur_(1959_film),https://en.wikipedia.org/wiki/Ben-Hur_(1959_film)
tt0353969,Memories of Murder,Q488169,Memories_of_Murder,https://en.wikipedia.org/wiki/Memories_of_Murder
tt0129167,The Iron Giant,Q867283,The_Iron_Giant,https://en.wikipedia.org/wiki/The_Iron_Giant
tt0050212,The Bridge on the River Kwai,Q188718,The_Bridge_on_the_River_Kwai,https://en.wikipedia.org/wiki/The_Bridge_on_the_River_Kwai
tt3011894,Wild Tales,Q16672466,Wild_Tales_(film),https://en.wikipedia.org/wiki/Wild_Tales_(film)
tt0113247,La haine,Q466101,La_Haine,https://en.wikipedia.org/wiki/La_Haine
tt2338151,PK,Q7117022,PK_(film),https://en.wikipedia.org/wiki/PK_(film)
tt0050976,The Seventh Seal,Q217189,The_Seventh_Seal,https://en.wikipedia.org/wiki/The_Seventh_Seal
tt0072684,Barry Lyndon,Q471716,Barry_Lyndon,https://en.wikipedia.org/wiki/Barry_Lyndon
tt4016934,The Handmaiden,Q20444585,The_Handmaiden,https://en.wikipedia.org/wiki/The_Handmaiden
tt0046912,Dial M for Murder,Q496255,Dial_M_for_Murder,https://en.wikipedia.org/wiki/Dial_M_for_Murder
tt0107207,In the Name of the Father,Q304074,In_the_Name_of_the_Father,https://en.wikipedia.org/wiki/In_the_Name_of_the_Father
tt0978762,Mary and Max,Q1128756,Mary_and_Max,https://en.wikipedia.org/wiki/Mary_and_Max
tt0042876,Rashomon,Q135465,Rashomon,https://en.wikipedia.org/wiki/Rashomon
tt0041959,The Third Man,Q271830,The_Third_Man,https://en.wikipedia.org/wiki/The_Third_Man
tt0074958,Network,Q572165,Network_(1976_film),https://en.wikipedia.org/wiki/Network_(1976_film)
tt0047296,On the Waterfront,Q211372,On_the_Waterfront,https://en.wikipedia.org/wiki/On_the_Waterfront
tt14961016,I'm Still Here,,,
tt0087884,"Paris, Texas",Q160946,"Paris,_Texas_(film)","https://en.wikipedia.org/wiki/Paris,_Texas_(film)"
tt0169102,Lagaan: Once Upon a Time in India,Q843949,Lagaan,https://en.wikipedia.org/wiki/Lagaan
tt0031679,Mr. Smith Goes to Washington,Q866120,Mr._Smith_Goes_to_Washington,https://en.wikipedia.org/wiki/Mr._Smith_Goes_to_Washington
tt0015864,The Gold Rush,Q214723,The_Gold_Rush,https://en.wikipedia.org/wiki/The_Gold_Rush
tt0405508,Rang De Basanti,Q924135,Rang_De_Basanti,https://en.wikipedia.org/wiki/Rang_De_Basanti
tt0050986,Wild Strawberries,Q239756,Wild_Strawberries_(film),https://en.wikipedia.org/wiki/Wild_Strawberries_(film)
tt0025316,It Happened One Night,Q208632,It_Happened_One_Night,https://en.wikipedia.org/wiki/It_Happened_One_Night
tt15327088,Kantara,Q114322727,Kantara_(2022_film),https://en.wikipedia.org/wiki/Kantara_(2022_film)
tt0111495,Three Colors: Red,Q952142,Three_Colours:_Red,https://en.wikipedia.org/wiki/Three_Colours:_Red
tt5813916,The Mountain II,Q25476945,The_Mountain_II,https://en.wikipedia.org/wiki/The_Mountain_II
tt3863552,Bajrangi Bhaijaan,Q18603021,Bajrangi_Bhaijaan,https://en.wikipedia.org/wiki/Bajrangi_Bhaijaan
tt7838252,K.G.F: Chapter 1,Q21646605,KGF:_Chapter_1,https://en.wikipedia.org/wiki/KGF:_Chapter_1
tt0032551,The Grapes of Wrath,Q676039,The_Grapes_of_Wrath_(film),https://en.wikipedia.org/wiki/The_Grapes_of_Wrath_(film)
tt0017925,The General,Q850159,The_General_(1926_film),https://en.wikipedia.org/wiki/The_General_(1926_film)
tt2082197,Barfi!,Q2558109,Barfi!,https://en.wikipedia.org/wiki/Barfi!
tt0871510,Chak De! India,Q1029548,Chak_De!_India,https://en.wikipedia.org/wiki/Chak_De!_India
tt0056217,The Man Who Shot Liberty Valance,Q555687,The_Man_Who_Shot_Liberty_Valance,https://en.wikipedia.org/wiki/The_Man_Who_Shot_Liberty_Valance
tt7775622,Free Solo,Q58814632,Free_Solo,https://en.wikipedia.org/wiki/Free_Solo
tt1280558,A Wednesday,Q2151097,A_Wednesday!,https://en.wikipedia.org/wiki/A_Wednesday!
tt0046438,Tokyo Story,Q26060,Tokyo_Story,https://en.wikipedia.org/wiki/Tokyo_Story
tt0169858,Neon Genesis Evangelion: The End of Evangelion,Q1151814,The_End_of_Evangelion,https://en.wikipedia.org/wiki/The_End_of_Evangelion
tt2545118,Blackfish,Q4922844,Blackfish_(film),https://en.wikipedia.org/wiki/Blackfish_(film)
tt0036868,The Best Years of Our Lives,Q645094,The_Best_Years_of_Our_Lives,https://en.wikipedia.org/wiki/The_Best_Years_of_Our_Lives
tt0058946,The Battle of Algiers,Q784812,The_Battle_of_Algiers,https://en.wikipedia.org/wiki/The_Battle_of_Algiers
tt0116231,The Bandit,Q635848,The_Bandit_(1996_film),https://en.wikipedia.org/wiki/The_Bandit_(1996_film)
tt0046268,The Wages of Fear,Q465773,The_Wages_of_Fear,https://en.wikipedia.org/wiki/The_Wages_of_Fear
tt0046911,Diabolique,Q739046,Les_Diaboliques_(film),https://en.wikipedia.org/wiki/Les_Diaboliques_(film)
tt0020629,All Quiet on the Western Front,Q272599,All_Quiet_on_the_Western_Front_(1930_film),https://en.wikipedia.org/wiki/All_Quiet_on_the_Western_Front_(1930_film)
tt12888462,My Octopus Teacher,Q99372651,My_Octopus_Teacher,https://en.wikipedia.org/wiki/My_Octopus_Teacher
tt0083922,Fanny and Alexander,Q165651,Fanny_and_Alexander,https://en.wikipedia.org/wiki/Fanny_and_Alexander
tt3322420,Queen,Q15907466,Queen_(2013_film),https://en.wikipedia.org/wiki/Queen_(2013_film)
tt2283748,OMG: Oh My God!,Q5306893,OMG_%E2%80%93_Oh_My_God!,https://en.wikipedia.org/wiki/OMG_%E2%80%93_Oh_My_God!
tt1821480,Kahaani,Q219396,Kahaani,https://en.wikipedia.org/wiki/Kahaani
tt0019254,The Passion of Joan of Arc,Q51520,The_Passion_of_Joan_of_Arc,https://en.wikipedia.org/wiki/The_Passion_of_Joan_of_Arc
tt0015324,Sherlock Jr.,Q1569918,Sherlock_Jr.,https://en.wikipedia.org/wiki/Sherlock_Jr.
tt0073707,Sholay,Q949228,Sholay,https://en.wikipedia.org/wiki/Sholay
tt0070510,Paper Moon,Q603162,Paper_Moon_(film),https://en.wikipedia.org/wiki/Paper_Moon_(film)
tt26439764,Kantara: A Legend - Chapter 1,Q122021056,Kantara:_Chapter_1,https://en.wikipedia.org/wiki/Kantara:_Chapter_1
tt0050783,Nights of Cabiria,Q18405,Nights_of_Cabiria,https://en.wikipedia.org/wiki/Nights_of_Cabiria
tt0018455,Sunrise,Q431093,Sunrise:_A_Song_of_Two_Humans,https://en.wikipedia.org/wiki/Sunrise:_A_Song_of_Two_Humans
tt2140203,Wolf Children,Q1371768,Wolf_Children,https://en.wikipedia.org/wiki/Wolf_Children
tt0074896,The Message,Q588464,The_Message_(1976_film),https://en.wikipedia.org/wiki/The_Message_(1976_film)
tt2991224,Tangerines,Q15712437,Tangerines_(film),https://en.wikipedia.org/wiki/Tangerines_(film)
tt1639426,Udaan,Q2402889,Udaan_(2010_film),https://en.wikipedia.org/wiki/Udaan_(2010_film)
tt0035446,To Be or Not to Be,Q704972,To_Be_or_Not_to_Be_(1942_film),https://en.wikipedia.org/wiki/To_Be_or_Not_to_Be_(1942_film)
tt0848228,The Avengers,Q182218,The_Avengers_(2012_film),https://en.wikipedia.org/wiki/The_Avengers_(2012_film)
tt0120338,Titanic,Q44578,Titanic_(1997_film),https://en.wikipedia.org/wiki/Titanic_(1997_film)
tt2015381,Guardians of the Galaxy,Q5887360,Guardians_of_the_Galaxy_(film),https://en.wikipedia.org/wiki/Guardians_of_the_Galaxy_(film)
tt1431045,Deadpool,Q19347291,Deadpool_(film),https://en.wikipedia.org/wiki/Deadpool_(film)
tt1160419,Dune: Part One,Q60834962,Dune_(2021_film),https://en.wikipedia.org/wiki/Dune_(2021_film)
tt3659388,The Martian,Q18547944,The_Martian_(film),https://en.wikipedia.org/wiki/The_Martian_(film)
tt1663202,The Revenant,Q18002795,The_Revenant_(2015_film),https://en.wikipedia.org/wiki/The_Revenant_(2015_film)
tt0246578,Donnie Darko,Q426828,Donnie_Darko,https://en.wikipedia.org/wiki/Donnie_Darko
tt1010048,Slumdog Millionaire,Q125076,Slumdog_Millionaire,https://en.wikipedia.org/wiki/Slumdog_Millionaire
tt0317705,The Incredibles,Q213326,The_Incredibles,https://en.wikipedia.org/wiki/The_Incredibles
tt0947798,Black Swan,Q180214,Black_Swan_(film),https://en.wikipedia.org/wiki/Black_Swan_(film)
tt2084970,The Imitation Game,Q14918344,The_Imitation_Game,https://en.wikipedia.org/wiki/The_Imitation_Game
tt0378194,Kill Bill: Vol. 2,Q928019,Kill_Bill:_Volume_2,https://en.wikipedia.org/wiki/Kill_Bill:_Volume_2
tt0401792,Sin City,Q192115,Sin_City_(film),https://en.wikipedia.org/wiki/Sin_City_(film)
tt3783958,La La Land,Q20856802,La_La_Land,https://en.wikipedia.org/wiki/La_La_Land
tt1856101,Blade Runner 2049,Q21500755,Blade_Runner_2049,https://en.wikipedia.org/wiki/Blade_Runner_2049
tt0381061,Casino Royale,Q151904,Casino_Royale_(2006_film),https://en.wikipedia.org/wiki/Casino_Royale_(2006_film)
tt0107048,Groundhog Day,Q488655,Groundhog_Day_(film),https://en.wikipedia.org/wiki/Groundhog_Day_(film)
tt1504320,The King's Speech,Q160060,The_King%27s_Speech,https://en.wikipedia.org/wiki/The_King%27s_Speech
tt1798709,Her,Q788822,Her_(2013_film),https://en.wikipedia.org/wiki/Her_(2013_film)
tt0758758,Into the Wild,Q269912,Into_the_Wild_(film),https://en.wikipedia.org/wiki/Into_the_Wild_(film)
tt0440963,The Bourne Ultimatum,Q107226,The_Bourne_Ultimatum_(film),https://en.wikipedia.org/wiki/The_Bourne_Ultimatum_(film)
tt0114746,12 Monkeys,Q175038,12_Monkeys,https://en.wikipedia.org/wiki/12_Monkeys
tt2948356,Zootopia,Q15270647,Zootopia,https://en.wikipedia.org/wiki/Zootopia
tt0450259,Blood Diamond,Q74958,Blood_Diamond,https://en.wikipedia.org/wiki/Blood_Diamond
tt0454921,The Pursuit of Happyness,Q220515,The_Pursuit_of_Happyness,https://en.wikipedia.org/wiki/The_Pursuit_of_Happyness
tt0095953,Rain Man,Q188845,Rain_Man,https://en.wikipedia.org/wiki/Rain_Man
tt0101414,Beauty and the Beast,Q179673,Beauty_and_the_Beast_(1991_film),https://en.wikipedia.org/wiki/Beauty_and_the_Beast_(1991_film)
tt0103639,Aladdin,Q215518,Aladdin_(1992_Disney_film),https://en.wikipedia.org/wiki/Aladdin_(1992_Disney_film)
tt0093779,The Princess Bride,Q506418,The_Princess_Bride,https://en.wikipedia.org/wiki/The_Princess_Bride
tt0091763,Platoon,Q190643,Platoon_(film),https://en.wikipedia.org/wiki/Platoon_(film)
tt2948372,Soul,Q64744044,Soul_(2020_film),https://en.wikipedia.org/wiki/Soul_(2020_film)
tt0079470,Monty Python's Life of Brian,Q24953,Monty_Python%27s_Life_of_Brian,https://en.wikipedia.org/wiki/Monty_Python%27s_Life_of_Brian
tt0105323,Scent of a Woman,Q321561,Scent_of_a_Woman_(1992_film),https://en.wikipedia.org/wiki/Scent_of_a_Woman_(1992_film)
tt0175880,Magnolia,Q588420,Magnolia_(film),https://en.wikipedia.org/wiki/Magnolia_(film)
tt0099348,Dances with Wolves,Q20456,Dances_With_Wolves,https://en.wikipedia.org/wiki/Dances_With_Wolves
tt0061722,The Graduate,Q217627,The_Graduate,https://en.wikipedia.org/wiki/The_Graduate
tt0072890,Dog Day Afternoon,Q458656,Dog_Day_Afternoon,https://en.wikipedia.org/wiki/Dog_Day_Afternoon
tt0245712,Amores Perros,Q474098,Amores_perros,https://en.wikipedia.org/wiki/Amores_perros
tt3741834,Lion,Q23013699,Lion_(2016_film),https://en.wikipedia.org/wiki/Lion_(2016_film)
tt0063522,Rosemary's Baby,Q607179,Rosemary%27s_Baby_(film),https://en.wikipedia.org/wiki/Rosemary%27s_Baby_(film)
tt0083987,Gandhi,Q202211,Gandhi_(film),https://en.wikipedia.org/wiki/Gandhi_(film)
tt1220719,Ip Man,Q573743,Ip_Man_(film),https://en.wikipedia.org/wiki/Ip_Man_(film)
tt0064115,Butch Cassidy and the Sundance Kid,Q232000,Butch_Cassidy_and_the_Sundance_Kid,https://en.wikipedia.org/wiki/Butch_Cassidy_and_the_Sundance_Kid
tt10366460,CODA,Q104686893,CODA_(2021_film),https://en.wikipedia.org/wiki/CODA_(2021_film)
tt0094625,Akira,Q1905968,Akira_(1988_film),https://en.wikipedia.org/wiki/Akira_(1988_film)
tt4857264,The Invisible Guest,Q28114432,The_Invisible_Guest,https://en.wikipedia.org/wiki/The_Invisible_Guest
tt0063442,Planet of the Apes,Q59534,Planet_of_the_Apes_(1968_film),https://en.wikipedia.org/wiki/Planet_of_the_Apes_(1968_film)
tt0352248,Cinderella Man,Q647546,Cinderella_Man,https://en.wikipedia.org/wiki/Cinderella_Man
tt0092067,Castle in the Sky,Q498577,Castle_in_the_Sky,https://en.wikipedia.org/wiki/Castle_in_the_Sky
tt0087544,Nausicaä of the Valley of the Wind,Q8885676,Nausica%C3%A4_of_the_Valley_of_the_Wind_(film),https://en.wikipedia.org/wiki/Nausica%C3%A4_of_the_Valley_of_the_Wind_(film)
tt0061512,Cool Hand Luke,Q684150,Cool_Hand_Luke,https://en.wikipedia.org/wiki/Cool_Hand_Luke
tt0118694,In the Mood for Love,Q1056853,In_the_Mood_for_Love,https://en.wikipedia.org/wiki/In_the_Mood_for_Love
tt0102138,JFK,Q741823,JFK_(film),https://en.wikipedia.org/wiki/JFK_(film)
tt0072431,Young Frankenstein,Q651923,Young_Frankenstein,https://en.wikipedia.org/wiki/Young_Frankenstein
tt0276919,Dogville,Q327681,Dogville,https://en.wikipedia.org/wiki/Dogville
tt0032976,Rebecca,Q204212,Rebecca_(1940_film),https://en.wikipedia.org/wiki/Rebecca_(1940_film)
tt0046250,Roman Holiday,Q201293,Roman_Holiday,https://en.wikipedia.org/wiki/Roman_Holiday
tt0079944,Stalker,Q200437,Stalker_(1979_film),https://en.wikipedia.org/wiki/Stalker_(1979_film)
tt2631186,Baahubali: The Beginning,Q13897247,Baahubali:_The_Beginning,https://en.wikipedia.org/wiki/Baahubali:_The_Beginning
tt0070511,Papillon,Q596965,Papillon_(1973_film),https://en.wikipedia.org/wiki/Papillon_(1973_film)
tt0060827,Persona,Q695255,Persona_(1966_film),https://en.wikipedia.org/wiki/Persona_(1966_film)
tt0338564,Infernal Affairs,Q714057,Infernal_Affairs,https://en.wikipedia.org/wiki/Infernal_Affairs
tt0053198,The 400 Blows,Q162331,The_400_Blows,https://en.wikipedia.org/wiki/The_400_Blows
tt0056801,8½,Q12018,8%C2%BD,https://en.wikipedia.org/wiki/8%C2%BD
tt8613070,Portrait of a Lady on Fire,Q63246568,Portrait_of_a_Lady_on_Fire,https://en.wikipedia.org/wiki/Portrait_of_a_Lady_on_Fire
tt0156887,Perfect Blue,Q1205051,Perfect_Blue,https://en.wikipedia.org/wiki/Perfect_Blue
tt0861739,Elite Squad,Q282781,Elite_Squad,https://en.wikipedia.org/wiki/Elite_Squad
tt0401383,The Diving Bell and the Butterfly,Q472600,The_Diving_Bell_and_the_Butterfly_(film),https://en.wikipedia.org/wiki/The_Diving_Bell_and_the_Butterfly_(film)
tt0166896,The Straight Story,Q1139454,The_Straight_Story,https://en.wikipedia.org/wiki/The_Straight_Story
tt0048424,The Night of the Hunter,Q1132629,The_Night_of_the_Hunter_(film),https://en.wikipedia.org/wiki/The_Night_of_the_Hunter_(film)
tt0808417,Persepolis,Q477965,Persepolis_(film),https://en.wikipedia.org/wiki/Persepolis_(film)
tt0117666,Sling Blade,Q2264347,Sling_Blade,https://en.wikipedia.org/wiki/Sling_Blade
tt0154420,The Celebration,Q841958,The_Celebration,https://en.wikipedia.org/wiki/The_Celebration
tt1555149,Elite Squad 2: The Enemy Within,Q142695,Elite_Squad:_The_Enemy_Within,https://en.wikipedia.org/wiki/Elite_Squad:_The_Enemy_Within
tt0374546,"Spring, Summer, Fall, Winter... and Spring",Q494871,"Spring,_Summer,_Fall,_Winter..._and_Spring","https://en.wikipedia.org/wiki/Spring,_Summer,_Fall,_Winter..._and_Spring"
tt11555492,Farha,Q114830722,Farha_(film),https://en.wikipedia.org/wiki/Farha_(film)
tt0084503,Pink Floyd: The Wall,Q213683,Pink_Floyd_%E2%80%93_The_Wall,https://en.wikipedia.org/wiki/Pink_Floyd_%E2%80%93_The_Wall
tt0053779,La Dolce Vita,Q18407,La_Dolce_Vita,https://en.wikipedia.org/wiki/La_Dolce_Vita
tt0112870,Dilwale Dulhania Le Jayenge,Q849343,Dilwale_Dulhania_Le_Jayenge,https://en.wikipedia.org/wiki/Dilwale_Dulhania_Le_Jayenge
tt0061184,Who's Afraid of Virginia Woolf?,Q325643,Who%27s_Afraid_of_Virginia_Woolf%3F_(film),https://en.wikipedia.org/wiki/Who%27s_Afraid_of_Virginia_Woolf%3F_(film)
tt10554232,Dara of Jasenovac,Q65195830,Dara_of_Jasenovac,https://en.wikipedia.org/wiki/Dara_of_Jasenovac
tt0292490,Dil Chahta Hai,Q370313,Dil_Chahta_Hai,https://en.wikipedia.org/wiki/Dil_Chahta_Hai
tt0386032,Sicko,Q382882,Sicko,https://en.wikipedia.org/wiki/Sicko
tt0052561,Anatomy of a Murder,Q488376,Anatomy_of_a_Murder,https://en.wikipedia.org/wiki/Anatomy_of_a_Murder
tt4169250,M.S. Dhoni: The Untold Story,Q18127580,M.S._Dhoni:_The_Untold_Story,https://en.wikipedia.org/wiki/M.S._Dhoni:_The_Untold_Story
tt0010323,The Cabinet of Dr. Caligari,Q153886,The_Cabinet_of_Dr._Caligari,https://en.wikipedia.org/wiki/The_Cabinet_of_Dr._Caligari
tt0120731,The Legend of 1900,Q1146711,The_Legend_of_1900,https://en.wikipedia.org/wiki/The_Legend_of_1900
tt0384116,G.O.R.A.,Q934718,G.O.R.A.,https://en.wikipedia.org/wiki/G.O.R.A.
tt0047528,La Strada,Q18402,La_Strada,https://en.wikipedia.org/wiki/La_Strada
tt1865505,Song of the Sea,Q17125101,Song_of_the_Sea_(2014_film),https://en.wikipedia.org/wiki/Song_of_the_Sea_(2014_film)
tt0056687,What Ever Happened to Baby Jane?,Q26644,What_Ever_Happened_to_Baby_Jane%3F_(film),https://en.wikipedia.org/wiki/What_Ever_Happened_to_Baby_Jane%3F_(film)
tt0062229,Le Samouraï,Q618499,Le_Samoura%C3%AF,https://en.wikipedia.org/wiki/Le_Samoura%C3%AF
tt3612616,Mommy,Q16395232,Mommy_(2014_film),https://en.wikipedia.org/wiki/Mommy_(2014_film)
tt0114787,Underground,Q156516,Underground_(1995_film),https://en.wikipedia.org/wiki/Underground_(1995_film)
tt1185616,Waltz with Bashir,Q160793,Waltz_with_Bashir,https://en.wikipedia.org/wiki/Waltz_with_Bashir
tt2377938,Special 26,Q7574449,Special_26,https://en.wikipedia.org/wiki/Special_26
tt2576852,The Tale of The Princess Kaguya,Q888136,The_Tale_of_the_Princess_Kaguya_(film),https://en.wikipedia.org/wiki/The_Tale_of_the_Princess_Kaguya_(film)
tt3390572,Haider,Q15726236,Haider_(film),https://en.wikipedia.org/wiki/Haider_(film)
tt0060107,Andrei Rublev,Q503046,Andrei_Rublev_(film),https://en.wikipedia.org/wiki/Andrei_Rublev_(film)
tt0050613,Throne of Blood,Q257818,Throne_of_Blood,https://en.wikipedia.org/wiki/Throne_of_Blood
tt4044364,Citizenfour,Q18218448,Citizenfour,https://en.wikipedia.org/wiki/Citizenfour
tt2758880,Winter Sleep,Q15921329,Winter_Sleep_(film),https://en.wikipedia.org/wiki/Winter_Sleep_(film)
tt0118843,"Black Cat, White Cat",Q159808,"Black_Cat,_White_Cat","https://en.wikipedia.org/wiki/Black_Cat,_White_Cat"
tt0109117,Andaz Apna Apna,Q283481,Andaz_Apna_Apna,https://en.wikipedia.org/wiki/Andaz_Apna_Apna
tt1069238,Departures,Q1044598,Departures_(2008_film),https://en.wikipedia.org/wiki/Departures_(2008_film)
tt0067328,The Last Picture Show,Q1218959,The_Last_Picture_Show,https://en.wikipedia.org/wiki/The_Last_Picture_Show
tt0456144,Lage Raho Munna Bhai,Q980677,Lage_Raho_Munna_Bhai,https://en.wikipedia.org/wiki/Lage_Raho_Munna_Bhai
tt5571734,Pink,Q23647131,Pink_(2016_film),https://en.wikipedia.org/wiki/Pink_(2016_film)
tt0067093,Fiddler on the Roof,Q934036,Fiddler_on_the_Roof_(film),https://en.wikipedia.org/wiki/Fiddler_on_the_Roof_(film)
tt0140888,Central Station,Q1054036,Central_Station_(film),https://en.wikipedia.org/wiki/Central_Station_(film)
tt0117589,Secrets & Lies,Q391172,Secrets_%26_Lies_(film),https://en.wikipedia.org/wiki/Secrets_%26_Lies_(film)
tt0499549,Avatar,Q24871,Avatar_(2009_film),https://en.wikipedia.org/wiki/Avatar_(2009_film)
tt0371746,Iron Man,Q192724,Iron_Man_(2008_film),https://en.wikipedia.org/wiki/Iron_Man_(2008_film)
tt3501632,Thor: Ragnarok,Q22665878,Thor:_Ragnarok,https://en.wikipedia.org/wiki/Thor:_Ragnarok
tt8946378,Knives Out,Q57982486,Knives_Out,https://en.wikipedia.org/wiki/Knives_Out
tt2543164,Arrival,Q20382729,Arrival_(film),https://en.wikipedia.org/wiki/Arrival_(film)
tt0126029,Shrek,Q483815,Shrek,https://en.wikipedia.org/wiki/Shrek
tt1631867,Edge of Tomorrow,Q1187607,Edge_of_Tomorrow,https://en.wikipedia.org/wiki/Edge_of_Tomorrow
tt1877832,X-Men: Days of Future Past,Q4985891,X-Men:_Days_of_Future_Past,https://en.wikipedia.org/wiki/X-Men:_Days_of_Future_Past
tt0304141,Harry Potter and the Prisoner of Azkaban,Q102448,Harry_Potter_and_the_Prisoner_of_Azkaban_(film),https://en.wikipedia.org/wiki/Harry_Potter_and_the_Prisoner_of_Azkaban_(film)
tt1136608,District 9,Q201819,District_9,https://en.wikipedia.org/wiki/District_9
tt0454876,Life of Pi,Q152780,Life_of_Pi_(film),https://en.wikipedia.org/wiki/Life_of_Pi_(film)
tt0120363,Toy Story 2,Q187266,Toy_Story_2,https://en.wikipedia.org/wiki/Toy_Story_2
tt1727824,Bohemian Rhapsody,Q27894574,Bohemian_Rhapsody_(film),https://en.wikipedia.org/wiki/Bohemian_Rhapsody_(film)
tt0796366,Star Trek,Q213081,Star_Trek_(2009_film),https://en.wikipedia.org/wiki/Star_Trek_(2009_film)
tt1659337,The Perks of Being a Wallflower,Q675468,The_Perks_of_Being_a_Wallflower_(film),https://en.wikipedia.org/wiki/The_Perks_of_Being_a_Wallflower_(film)
tt0206634,Children of Men,Q221090,Children_of_Men,https://en.wikipedia.org/wiki/Children_of_Men
tt0790636,Dallas Buyers Club,Q3520498,Dallas_Buyers_Club,https://en.wikipedia.org/wiki/Dallas_Buyers_Club
tt0327056,Mystic River,Q221586,Mystic_River_(film),https://en.wikipedia.org/wiki/Mystic_River_(film)
tt0780536,In Bruges,Q244931,In_Bruges,https://en.wikipedia.org/wiki/In_Bruges
tt2584384,Jojo Rabbit,Q54862508,Jojo_Rabbit,https://en.wikipedia.org/wiki/Jojo_Rabbit
tt0319061,Big Fish,Q278997,Big_Fish,https://en.wikipedia.org/wiki/Big_Fish
tt6791350,Guardians of the Galaxy Vol. 3,Q29226331,Guardians_of_the_Galaxy_Vol._3,https://en.wikipedia.org/wiki/Guardians_of_the_Galaxy_Vol._3
tt12361974,Zack Snyder's Justice League,Q94998134,Zack_Snyder%27s_Justice_League,https://en.wikipedia.org/wiki/Zack_Snyder%27s_Justice_League
tt0083866,E.T. the Extra-Terrestrial,Q11621,E.T._the_Extra-Terrestrial,https://en.wikipedia.org/wiki/E.T._the_Extra-Terrestrial
tt0166924,Mulholland Drive,Q272608,Mulholland_Drive_(film),https://en.wikipedia.org/wiki/Mulholland_Drive_(film)
tt0107688,The Nightmare Before Christmas,Q322328,The_Nightmare_Before_Christmas,https://en.wikipedia.org/wiki/The_Nightmare_Before_Christmas
tt1065073,Boyhood,Q4103201,Boyhood_(2014_film),https://en.wikipedia.org/wiki/Boyhood_(2014_film)
tt7653254,Marriage Story,Q48671199,Marriage_Story,https://en.wikipedia.org/wiki/Marriage_Story
tt0472043,Apocalypto,Q188035,Apocalypto,https://en.wikipedia.org/wiki/Apocalypto
tt1125849,The Wrestler,Q139326,The_Wrestler_(2008_film),https://en.wikipedia.org/wiki/The_Wrestler_(2008_film)
tt0181875,Almost Famous,Q726294,Almost_Famous,https://en.wikipedia.org/wiki/Almost_Famous
tt0118749,Boogie Nights,Q291170,Boogie_Nights,https://en.wikipedia.org/wiki/Boogie_Nights
tt0432283,Fantastic Mr. Fox,Q465275,Fantastic_Mr._Fox_(film),https://en.wikipedia.org/wiki/Fantastic_Mr._Fox_(film)
tt0190332,"Crouching Tiger, Hidden Dragon",Q273978,"Crouching_Tiger,_Hidden_Dragon","https://en.wikipedia.org/wiki/Crouching_Tiger,_Hidden_Dragon"
tt0075686,Annie Hall,Q233464,Annie_Hall,https://en.wikipedia.org/wiki/Annie_Hall
tt14849194,The Holdovers,Q112114745,The_Holdovers,https://en.wikipedia.org/wiki/The_Holdovers
tt0108399,True Romance,Q1127709,True_Romance,https://en.wikipedia.org/wiki/True_Romance
tt0058461,A Fistful of Dollars,Q76479,A_Fistful_of_Dollars,https://en.wikipedia.org/wiki/A_Fistful_of_Dollars
tt0106519,Carlito's Way,Q939176,Carlito%27s_Way,https://en.wikipedia.org/wiki/Carlito%27s_Way
tt37287335,Obsession,Q136163067,Obsession_(2025_film),https://en.wikipedia.org/wiki/Obsession_(2025_film)
tt0080455,The Blues Brothers,Q109767,The_Blues_Brothers_(film),https://en.wikipedia.org/wiki/The_Blues_Brothers_(film)
tt3915174,Puss in Boots: The Last Wish,Q31271384,Puss_in_Boots:_The_Last_Wish,https://en.wikipedia.org/wiki/Puss_in_Boots:_The_Last_Wish
tt2543472,Wonder,Q27958394,Wonder_(film),https://en.wikipedia.org/wiki/Wonder_(film)
tt0299977,Hero,Q260379,Hero_(2002_film),https://en.wikipedia.org/wiki/Hero_(2002_film)
tt2209418,Before Midnight,Q2909183,Before_Midnight,https://en.wikipedia.org/wiki/Before_Midnight
tt0085334,A Christmas Story,Q556933,A_Christmas_Story,https://en.wikipedia.org/wiki/A_Christmas_Story
tt0113568,Ghost in the Shell,Q1066948,Ghost_in_the_Shell_(1995_film),https://en.wikipedia.org/wiki/Ghost_in_the_Shell_(1995_film)
tt0033870,The Maltese Falcon,Q221462,The_Maltese_Falcon_(1941_film),https://en.wikipedia.org/wiki/The_Maltese_Falcon_(1941_film)
tt0040746,Rope,Q109564,Rope_(film),https://en.wikipedia.org/wiki/Rope_(film)
tt0088258,This Is Spinal Tap,Q7810384,This_Is_Spinal_Tap,https://en.wikipedia.org/wiki/This_Is_Spinal_Tap
tt0310793,Bowling for Columbine,Q165394,Bowling_for_Columbine,https://en.wikipedia.org/wiki/Bowling_for_Columbine
tt0054331,Spartacus,Q108297,Spartacus_(film),https://en.wikipedia.org/wiki/Spartacus_(film)
tt0044079,Strangers on a Train,Q499639,Strangers_on_a_Train_(film),https://en.wikipedia.org/wiki/Strangers_on_a_Train_(film)
tt2265171,The Raid 2,Q13385946,The_Raid_2,https://en.wikipedia.org/wiki/The_Raid_2
tt0074119,All the President's Men,Q466781,All_the_President%27s_Men_(film),https://en.wikipedia.org/wiki/All_the_President%27s_Men_(film)
tt0097216,Do the Right Thing,Q1141252,Do_the_Right_Thing,https://en.wikipedia.org/wiki/Do_the_Right_Thing
tt0168629,Dancer in the Dark,Q110365,Dancer_in_the_Dark,https://en.wikipedia.org/wiki/Dancer_in_the_Dark
tt1188996,My Name Is Khan,Q330663,My_Name_Is_Khan,https://en.wikipedia.org/wiki/My_Name_Is_Khan
tt0287467,Talk to Her,Q478780,Talk_to_Her,https://en.wikipedia.org/wiki/Talk_to_Her
tt0044081,A Streetcar Named Desire,Q212129,A_Streetcar_Named_Desire_(1951_film),https://en.wikipedia.org/wiki/A_Streetcar_Named_Desire_(1951_film)
tt0044706,High Noon,Q245208,High_Noon,https://en.wikipedia.org/wiki/High_Noon
tt0052311,Touch of Evil,Q778161,Touch_of_Evil,https://en.wikipedia.org/wiki/Touch_of_Evil
tt0066206,Patton,Q217220,Patton_(film),https://en.wikipedia.org/wiki/Patton_(film)
tt0038787,Notorious,Q587419,Notorious_(1946_film),https://en.wikipedia.org/wiki/Notorious_(1946_film)
tt0109424,Chungking Express,Q766263,Chungking_Express,https://en.wikipedia.org/wiki/Chungking_Express
tt1602620,Amour,Q637820,Amour_(2012_film),https://en.wikipedia.org/wiki/Amour_(2012_film)
tt27503384,Perfect Days,Q117663112,Perfect_Days,https://en.wikipedia.org/wiki/Perfect_Days
tt3544112,Sing Street,Q21819857,Sing_Street,https://en.wikipedia.org/wiki/Sing_Street
tt0049406,The Killing,Q592072,The_Killing_(film),https://en.wikipedia.org/wiki/The_Killing_(film)
tt0069293,Solaris,Q125772,Solaris_(1972_film),https://en.wikipedia.org/wiki/Solaris_(1972_film)
